Workbook

Sheet tonghopdiem
A1: ĐIỂM THI HK1-2018-2019 (CT428)
B2: Ma CB | C2: 1043 | D2: Ho va ten | F2: Nguyen Minh Trung
B3: Ma MH | C3: CT428 | D3: Ma NH | F3: 8
B4: Nam Hoc | C4: 2020-2021 | D4: Hoc Ky | F4: 1
A6: STT | B6: Mã SV | C6: Họ Và Tên | D6: Điểm TH1 | E6: Điểm TH2 | F6: Điểm TH3 | G6: Điểm BT Lớn | H6: Điểm LT | I6: Điểm Tổng | J6: Điểm theo thang điểm 10 | K6: Điểm chữ
A7: {=_xlfn.SEQUENCE(14)} -> 1 | B7: 0B1505719 | C7: =VLOOKUP(RIGHT(B7,8),'bangthamchieu&thongke'!$B$13:$C$27,2,0) -> Nguyễn Văn Hiếu | D7: =VLOOKUP(RIGHT(B7,8),diemthuchanh!B2:F16,3,FALSE) -> 0.45 | E7: =VLOOKUP(RIGHT(B7,8),diemthuchanh!$B$2:$F$16,4,FALSE) -> 0.25 | F7: =VLOOKUP(RIGHT(B7,8),diemthuchanh!$B$2:$F$16,5,FALSE) -> 0.3 | G7: =VLOOKUP(RIGHT(B7,8),diembaitaplon!$B$2:$D$16,3,FALSE) -> 0.5 | H7: =VLOOKUP(RIGHT(B7,8),diemlythuyet!$B$2:$D$16,3,FALSE) -> 4.2 | I7: =ROUND(IF(H7=-3,0,D7+E7+F7+G7+0.6*H7),1) -> 4 | J7: =ROUND(IF(OR(G7=0,VALUE(LEFT(B7,1))>2),0,I7+VLOOKUP(VALUE(LEFT(B7,1)),'bangthamchieu&thongke'!$E$3:$F$5,2,FALSE)),1) -> 5 | K7: =VLOOKUP(J7,'bangthamchieu&thongke'!$A$3:$B$10,2,TRUE) -> D+
A8: 2 | B8: 1B1505915 | C8: =VLOOKUP(RIGHT(B8,8),'bangthamchieu&thongke'!$B$13:$C$27,2,0) -> Lý Minh Trí | D8: =VLOOKUP(RIGHT(B8,8),diemthuchanh!$B$2:$F$16,3,FALSE) -> 0.5 | E8: =VLOOKUP(RIGHT(B8,8),diemthuchanh!$B$2:$F$16,4,FALSE) -> 0.35 | F8: =VLOOKUP(RIGHT(B8,8),diemthuchanh!$B$2:$F$16,5,FALSE) -> 0.4 | G8: =VLOOKUP(RIGHT(B8,8),diembaitaplon!$B$2:$D$16,3,FALSE) -> 1 | H8: =VLOOKUP(RIGHT(B8,8),diemlythuyet!$B$2:$D$16,3,FALSE) -> 5.8 | I8: =ROUND(IF(H8=-3,0,D8+E8+F8+G8+0.6*H8),1) -> 5.7 | J8: =ROUND(IF(OR(G8=0,VALUE(LEFT(B8,1))>2),0,I8+VLOOKUP(VALUE(LEFT(B8,1)),'bangthamchieu&thongke'!$E$3:$F$5,2,FALSE)),1) -> 6.2 | K8: =VLOOKUP(J8,'bangthamchieu&thongke'!$A$3:$B$10,2,TRUE) -> C
A9: 3 | B9: 0B1509874 | C9: =VLOOKUP(RIGHT(B9,8),'bangthamchieu&thongke'!$B$13:$C$27,2,0) -> Nguyễn Kiều Mi | D9: =VLOOKUP(RIGHT(B9,8),diemthuchanh!$B$2:$F$16,3,FALSE) -> 0.25 | E9: =VLOOKUP(RIGHT(B9,8),diemthuchanh!$B$2:$F$16,4,FALSE) -> 0.25 | F9: =VLOOKUP(RIGHT(B9,8),diemthuchanh!$B$2:$F$16,5,FALSE) -> 0.3 | G9: =VLOOKUP(RIGHT(B9,8),diembaitaplon!$B$2:$D$16,3,FALSE) -> 0.5 | H9: =VLOOKUP(RIGHT(B9,8),diemlythuyet!$B$2:$D$16,3,FALSE) -> 5.8 | I9: =ROUND(IF(H9=-3,0,D9+E9+F9+G9+0.6*H9),1) -> 4.8 | J9: =ROUND(IF(OR(G9=0,VALUE(LEFT(B9,1))>2),0,I9+VLOOKUP(VALUE(LEFT(B9,1)),'bangthamchieu&thongke'!$E$3:$F$5,2,FALSE)),1) -> 5.8 | K9: =VLOOKUP(J9,'bangthamchieu&thongke'!$A$3:$B$10,2,TRUE) -> C
A10: 4 | B10: 0B1509929 | C10: =VLOOKUP(RIGHT(B10,8),'bangthamchieu&thongke'!$B$13:$C$27,2,0) -> Đặng Duy Linh | D10: =VLOOKUP(RIGHT(B10,8),diemthuchanh!$B$2:$F$16,3,FALSE) -> 0.4 | E10: =VLOOKUP(RIGHT(B10,8),diemthuchanh!$B$2:$F$16,4,FALSE) -> 0.25 | F10: =VLOOKUP(RIGHT(B10,8),diemthuchanh!$B$2:$F$16,5,FALSE) -> 0.35 | G10: =VLOOKUP(RIGHT(B10,8),diembaitaplon!$B$2:$D$16,3,FALSE) -> 1 | H10: =VLOOKUP(RIGHT(B10,8),diemlythuyet!$B$2:$D$16,3,FALSE) -> 4.5 | I10: =ROUND(IF(H10=-3,0,D10+E10+F10+G10+0.6*H10),1) -> 4.7 | J10: =ROUND(IF(OR(G10=0,VALUE(LEFT(B10,1))>2),0,I10+VLOOKUP(VALUE(LEFT(B10,1)),'bangthamchieu&thongke'!$E$3:$F$5,2,FALSE)),1) -> 5.7 | K10: =VLOOKUP(J10,'bangthamchieu&thongke'!$A$3:$B$10,2,TRUE) -> C
A11: 5 | B11: 2B1605223 | C11: =VLOOKUP(RIGHT(B11,8),'bangthamchieu&thongke'!$B$13:$C$27,2,0) -> Lê Thị Trúc Linh | D11: =VLOOKUP(RIGHT(B11,8),diemthuchanh!$B$2:$F$16,3,FALSE) -> 0.45 | E11: =VLOOKUP(RIGHT(B11,8),diemthuchanh!$B$2:$F$16,4,FALSE) -> 0.4 | F11: =VLOOKUP(RIGHT(B11,8),diemthuchanh!$B$2:$F$16,5,FALSE) -> 0.35 | G11: =VLOOKUP(RIGHT(B11,8),diembaitaplon!$B$2:$D$16,3,FALSE) -> 0.75 | H11: =VLOOKUP(RIGHT(B11,8),diemlythuyet!$B$2:$D$16,3,FALSE) -> 5.5 | I11: =ROUND(IF(H11=-3,0,D11+E11+F11+G11+0.6*H11),1) -> 5.3 | J11: =ROUND(IF(OR(G11=0,VALUE(LEFT(B11,1))>2),0,I11+VLOOKUP(VALUE(LEFT(B11,1)),'bangthamchieu&thongke'!$E$3:$F$5,2,FALSE)),1) -> 5.6 | K11: =VLOOKUP(J11,'bangthamchieu&thongke'!$A$3:$B$10,2,TRUE) -> C
A12: 6 | B12: 0B1605235 | C12: =VLOOKUP(RIGHT(B12,8),'bangthamchieu&thongke'!$B$13:$C$27,2,0) -> Phạm Thị Huỳnh | D12: =VLOOKUP(RIGHT(B12,8),diemthuchanh!$B$2:$F$16,3,FALSE) -> 0.4 | E12: =VLOOKUP(RIGHT(B12,8),diemthuchanh!$B$2:$F$16,4,FALSE) -> 0.45 | F12: =VLOOKUP(RIGHT(B12,8),diemthuchanh!$B$2:$F$16,5,FALSE) -> 0.5 | G12: =VLOOKUP(RIGHT(B12,8),diembaitaplon!$B$2:$D$16,3,FALSE) -> 1.2 | H12: =VLOOKUP(RIGHT(B12,8),diemlythuyet!$B$2:$D$16,3,FALSE) -> 7.5 | I12: =ROUND(IF(H12=-3,0,D12+E12+F12+G12+0.6*H12),1) -> 7.1 | J12: =ROUND(IF(OR(G12=0,VALUE(LEFT(B12,1))>2),0,I12+VLOOKUP(VALUE(LEFT(B12,1)),'bangthamchieu&thongke'!$E$3:$F$5,2,FALSE)),1) -> 8.1 | K12: =VLOOKUP(J12,'bangthamchieu&thongke'!$A$3:$B$10,2,TRUE) -> B+
A13: 7 | B13: 0B1605249 | C13: =VLOOKUP(RIGHT(B13,8),'bangthamchieu&thongke'!$B$13:$C$27,2,0) -> Lê Minh Thông | D13: =VLOOKUP(RIGHT(B13,8),diemthuchanh!$B$2:$F$16,3,FALSE) -> 0.4 | E13: =VLOOKUP(RIGHT(B13,8),diemthuchanh!$B$2:$F$16,4,FALSE) -> 0.4 | F13: =VLOOKUP(RIGHT(B13,8),diemthuchanh!$B$2:$F$16,5,FALSE) -> 0.4 | G13: =VLOOKUP(RIGHT(B13,8),diembaitaplon!$B$2:$D$16,3,FALSE) -> 1 | H13: =VLOOKUP(RIGHT(B13,8),diemlythuyet!$B$2:$D$16,3,FALSE) -> 5.3 | I13: =ROUND(IF(H13=-3,0,D13+E13+F13+G13+0.6*H13),1) -> 5.4 | J13: =ROUND(IF(OR(G13=0,VALUE(LEFT(B13,1))>2),0,I13+VLOOKUP(VALUE(LEFT(B13,1)),'bangthamchieu&thongke'!$E$3:$F$5,2,FALSE)),1) -> 6.4 | K13: =VLOOKUP(J13,'bangthamchieu&thongke'!$A$3:$B$10,2,TRUE) -> C
A14: 8 | B14: 0B1605285 | C14: =VLOOKUP(RIGHT(B14,8),'bangthamchieu&thongke'!$B$13:$C$27,2,0) -> Huỳnh Thị Diễm | D14: =VLOOKUP(RIGHT(B14,8),diemthuchanh!$B$2:$F$16,3,FALSE) -> 0.45 | E14: =VLOOKUP(RIGHT(B14,8),diemthuchanh!$B$2:$F$16,4,FALSE) -> 0.4 | F14: =VLOOKUP(RIGHT(B14,8),diemthuchanh!$B$2:$F$16,5,FALSE) -> 0.45 | G14: =VLOOKUP(RIGHT(B14,8),diembaitaplon!$B$2:$D$16,3,FALSE) -> 0 | H14: =VLOOKUP(RIGHT(B14,8),diemlythuyet!$B$2:$D$16,3,FALSE) -> 6.8 | I14: =ROUND(IF(H14=-3,0,D14+E14+F14+G14+0.6*H14),1) -> 5.4 | J14: =ROUND(IF(OR(G14=0,VALUE(LEFT(B14,1))>2),0,I14+VLOOKUP(VALUE(LEFT(B14,1)),'bangthamchieu&thongke'!$E$3:$F$5,2,FALSE)),1) -> 0 | K14: =VLOOKUP(J14,'bangthamchieu&thongke'!$A$3:$B$10,2,TRUE) -> F
A15: 9 | B15: 0B1605291 | C15: =VLOOKUP(RIGHT(B15,8),'bangthamchieu&thongke'!$B$13:$C$27,2,0) -> Trần Thanh Nguyên | D15: =VLOOKUP(RIGHT(B15,8),diemthuchanh!$B$2:$F$16,3,FALSE) -> 0.45 | E15: =VLOOKUP(RIGHT(B15,8),diemthuchanh!$B$2:$F$16,4,FALSE) -> 0.4 | F15: =VLOOKUP(RIGHT(B15,8),diemthuchanh!$B$2:$F$16,5,FALSE) -> 0.4 | G15: =VLOOKUP(RIGHT(B15,8),diembaitaplon!$B$2:$D$16,3,FALSE) -> 0.75 | H15: =VLOOKUP(RIGHT(B15,8),diemlythuyet!$B$2:$D$16,3,FALSE) -> 6.3 | I15: =ROUND(IF(H15=-3,0,D15+E15+F15+G15+0.6*H15),1) -> 5.8 | J15: =ROUND(IF(OR(G15=0,VALUE(LEFT(B15,1))>2),0,I15+VLOOKUP(VALUE(LEFT(B15,1)),'bangthamchieu&thongke'!$E$3:$F$5,2,FALSE)),1) -> 6.8 | K15: =VLOOKUP(J15,'bangthamchieu&thongke'!$A$3:$B$10,2,TRUE) -> C+
A16: 10 | B16: 1B1605344 | C16: =VLOOKUP(RIGHT(B16,8),'bangthamchieu&thongke'!$B$13:$C$27,2,0) -> Nguyễn Thị Đào | D16: =VLOOKUP(RIGHT(B16,8),diemthuchanh!$B$2:$F$16,3,FALSE) -> 0.3 | E16: =VLOOKUP(RIGHT(B16,8),diemthuchanh!$B$2:$F$16,4,FALSE) -> 0.5 | F16: =VLOOKUP(RIGHT(B16,8),diemthuchanh!$B$2:$F$16,5,FALSE) -> 0.45 | G16: =VLOOKUP(RIGHT(B16,8),diembaitaplon!$B$2:$D$16,3,FALSE) -> 0.3 | H16: =VLOOKUP(RIGHT(B16,8),diemlythuyet!$B$2:$D$16,3,FALSE) -> 8.3 | I16: =ROUND(IF(H16=-3,0,D16+E16+F16+G16+0.6*H16),1) -> 6.5 | J16: =ROUND(IF(OR(G16=0,VALUE(LEFT(B16,1))>2),0,I16+VLOOKUP(VALUE(LEFT(B16,1)),'bangthamchieu&thongke'!$E$3:$F$5,2,FALSE)),1) -> 7 | K16: =VLOOKUP(J16,'bangthamchieu&thongke'!$A$3:$B$10,2,TRUE) -> B
A17: 11 | B17: 4B1607025 | C17: =VLOOKUP(RIGHT(B17,8),'bangthamchieu&thongke'!$B$13:$C$27,2,0) -> Nguyễn Chí Thanh | D17: =VLOOKUP(RIGHT(B17,8),diemthuchanh!$B$2:$F$16,3,FALSE) -> 0.4 | E17: =VLOOKUP(RIGHT(B17,8),diemthuchanh!$B$2:$F$16,4,FALSE) -> 0.45 | F17: =VLOOKUP(RIGHT(B17,8),diemthuchanh!$B$2:$F$16,5,FALSE) -> 0.4 | G17: =VLOOKUP(RIGHT(B17,8),diembaitaplon!$B$2:$D$16,3,FALSE) -> 0.3 | H17: =VLOOKUP(RIGHT(B17,8),diemlythuyet!$B$2:$D$16,3,FALSE) -> -3 | I17: =ROUND(IF(H17=-3,0,D17+E17+F17+G17+0.6*H17),1) -> 0 | J17: =ROUND(IF(OR(G17=0,VALUE(LEFT(B17,1))>2),0,I17+VLOOKUP(VALUE(LEFT(B17,1)),'bangthamchieu&thongke'!$E$3:$F$5,2,FALSE)),1) -> 0 | K17: =VLOOKUP(J17,'bangthamchieu&thongke'!$A$3:$B$10,2,TRUE) -> F
A18: 12 | B18: 2B1609759 | C18: =VLOOKUP(RIGHT(B18,8),'bangthamchieu&thongke'!$B$13:$C$27,2,0) -> Nguyễn Hải Anh | D18: =VLOOKUP(RIGHT(B18,8),diemthuchanh!$B$2:$F$16,3,FALSE) -> 0.5 | E18: =VLOOKUP(RIGHT(B18,8),diemthuchanh!$B$2:$F$16,4,FALSE) -> 0.5 | F18: =VLOOKUP(RIGHT(B18,8),diemthuchanh!$B$2:$F$16,5,FALSE) -> 0.45 | G18: =VLOOKUP(RIGHT(B18,8),diembaitaplon!$B$2:$D$16,3,FALSE) -> 1.5 | H18: =VLOOKUP(RIGHT(B18,8),diemlythuyet!$B$2:$D$16,3,FALSE) -> 7 | I18: =ROUND(IF(H18=-3,0,D18+E18+F18+G18+0.6*H18),1) -> 7.2 | J18: =ROUND(IF(OR(G18=0,VALUE(LEFT(B18,1))>2),0,I18+VLOOKUP(VALUE(LEFT(B18,1)),'bangthamchieu&thongke'!$E$3:$F$5,2,FALSE)),1) -> 7.5 | K18: =VLOOKUP(J18,'bangthamchieu&thongke'!$A$3:$B$10,2,TRUE) -> B
A19: 13 | B19: 5B1609765 | C19: =VLOOKUP(RIGHT(B19,8),'bangthamchieu&thongke'!$B$13:$C$27,2,0) -> Trần Nam Dương | D19: =VLOOKUP(RIGHT(B19,8),diemthuchanh!$B$2:$F$16,3,FALSE) -> 0.4 | E19: =VLOOKUP(RIGHT(B19,8),diemthuchanh!$B$2:$F$16,4,FALSE) -> 0.4 | F19: =VLOOKUP(RIGHT(B19,8),diemthuchanh!$B$2:$F$16,5,FALSE) -> 0.35 | G19: =VLOOKUP(RIGHT(B19,8),diembaitaplon!$B$2:$D$16,3,FALSE) -> 1.35 | H19: =VLOOKUP(RIGHT(B19,8),diemlythuyet!$B$2:$D$16,3,FALSE) -> -3 | I19: =ROUND(IF(H19=-3,0,D19+E19+F19+G19+0.6*H19),1) -> 0 | J19: =ROUND(IF(OR(G19=0,VALUE(LEFT(B19,1))>2),0,I19+VLOOKUP(VALUE(LEFT(B19,1)),'bangthamchieu&thongke'!$E$3:$F$5,2,FALSE)),1) -> 0 | K19: =VLOOKUP(J19,'bangthamchieu&thongke'!$A$3:$B$10,2,TRUE) -> F
A20: 14 | B20: 0B1609773 | C20: =VLOOKUP(RIGHT(B20,8),'bangthamchieu&thongke'!$B$13:$C$27,2,0) -> Nguyễn Duy Khanh | D20: =VLOOKUP(RIGHT(B20,8),diemthuchanh!$B$2:$F$16,3,FALSE) -> 0.35 | E20: =VLOOKUP(RIGHT(B20,8),diemthuchanh!$B$2:$F$16,4,FALSE) -> 0.4 | F20: =VLOOKUP(RIGHT(B20,8),diemthuchanh!$B$2:$F$16,5,FALSE) -> 0 | G20: =VLOOKUP(RIGHT(B20,8),diembaitaplon!$B$2:$D$16,3,FALSE) -> 0.85 | H20: =VLOOKUP(RIGHT(B20,8),diemlythuyet!$B$2:$D$16,3,FALSE) -> 6.5 | I20: =ROUND(IF(H20=-3,0,D20+E20+F20+G20+0.6*H20),1) -> 5.5 | J20: =ROUND(IF(OR(G20=0,VALUE(LEFT(B20,1))>2),0,I20+VLOOKUP(VALUE(LEFT(B20,1)),'bangthamchieu&thongke'!$E$3:$F$5,2,FALSE)),1) -> 6.5 | K20: =VLOOKUP(J20,'bangthamchieu&thongke'!$A$3:$B$10,2,TRUE) -> C+

Sheet diemthuchanh
A1: Điểm Thực Hành Các Buổi
A2: STT | B2: Mã SV | C2: Họ Và Tên | D2: Điểm TH1 | E2: Điểm TH2 | F2: Điểm TH3
A3: {=_xlfn.SEQUENCE(14)} -> 1 | B3: B1505719 | C3: Nguyễn Văn Hiếu | D3: 0.45 | E3: 0.25 | F3: 0.3
A4: 2 | B4: B1505915 | C4: Lý Minh Trí | D4: 0.5 | E4: 0.35 | F4: 0.4
A5: 3 | B5: B1509874 | C5: Nguyễn Kiều Mi | D5: 0.25 | E5: 0.25 | F5: 0.3
A6: 4 | B6: B1509929 | C6: Đặng Duy Linh | D6: 0.4 | E6: 0.25 | F6: 0.35
A7: 5 | B7: B1605223 | C7: Lê Thị Trúc Linh | D7: 0.45 | E7: 0.4 | F7: 0.35
A8: 6 | B8: B1605235 | C8: Phạm Thị Huỳnh | D8: 0.4 | E8: 0.45 | F8: 0.5
A9: 7 | B9: B1605249 | C9: Lê Minh Thông | D9: 0.4 | E9: 0.4 | F9: 0.4
A10: 8 | B10: B1605285 | C10: Huỳnh Thị Diễm | D10: 0.45 | E10: 0.4 | F10: 0.45
A11: 9 | B11: B1605291 | C11: Trần Thanh Nguyên | D11: 0.45 | E11: 0.4 | F11: 0.4
A12: 10 | B12: B1605344 | C12: Nguyễn Thị Đào | D12: 0.3 | E12: 0.5 | F12: 0.45
A13: 11 | B13: B1607025 | C13: Nguyễn Chí Thanh | D13: 0.4 | E13: 0.45 | F13: 0.4
A14: 12 | B14: B1609759 | C14: Nguyễn Hải Anh | D14: 0.5 | E14: 0.5 | F14: 0.45
A15: 13 | B15: B1609765 | C15: Trần Nam Dương | D15: 0.4 | E15: 0.4 | F15: 0.35
A16: 14 | B16: B1609773 | C16: Nguyễn Duy Khanh | D16: 0.35 | E16: 0.4 | F16: 0

Sheet diembaitaplon
A1: Điểm Bài Tập Lớn
A2: STT | B2: Mã SV | C2: Họ Và Tên | D2: Điểm BL Lớn
A3: {=_xlfn.SEQUENCE(14)} -> 1 | B3: B1505719 | C3: Nguyễn Văn Hiếu | D3: 0.5
A4: 2 | B4: B1505915 | C4: Lý Minh Trí | D4: 1
A5: 3 | B5: B1509874 | C5: Nguyễn Kiều Mi | D5: 0.5
A6: 4 | B6: B1509929 | C6: Đặng Duy Linh | D6: 1
A7: 5 | B7: B1605223 | C7: Lê Thị Trúc Linh | D7: 0.75
A8: 6 | B8: B1605235 | C8: Phạm Thị Huỳnh | D8: 1.2
A9: 7 | B9: B1605249 | C9: Lê Minh Thông | D9: 1
A10: 8 | B10: B1605285 | C10: Huỳnh Thị Diễm | D10: 0
A11: 9 | B11: B1605291 | C11: Trần Thanh Nguyên | D11: 0.75
A12: 10 | B12: B1605344 | C12: Nguyễn Thị Đào | D12: 0.3
A13: 11 | B13: B1607025 | C13: Nguyễn Chí Thanh | D13: 0.3
A14: 12 | B14: B1609759 | C14: Nguyễn Hải Anh | D14: 1.5
A15: 13 | B15: B1609765 | C15: Trần Nam Dương | D15: 1.35
A16: 14 | B16: B1609773 | C16: Nguyễn Duy Khanh | D16: 0.85

Sheet diemlythuyet
A1: Điểm Lý Thuyết
A2: STT | B2: Mã SV | C2: Họ Và Tên | D2: Điểm Lý Thuyết
A3: {=_xlfn.SEQUENCE(14)} -> 1 | B3: B1505719 | C3: Nguyễn Phước Hiếu | D3: 4.2
A4: 2 | B4: B1505915 | C4: Lý Minh Trí | D4: 5.8
A5: 3 | B5: B1509874 | C5: Nguyễn Kiều Mi | D5: 5.8
A6: 4 | B6: B1509929 | C6: Đặng Duy Linh | D6: 4.5
A7: 5 | B7: B1605223 | C7: Lê Thị Trúc Linh | D7: 5.5
A8: 6 | B8: B1605235 | C8: Phạm Thị Huỳnh | D8: 7.5
A9: 7 | B9: B1605249 | C9: Lê Minh Thông | D9: 5.3
A10: 8 | B10: B1605285 | C10: Huỳnh Thị Diễm | D10: 6.8
A11: 9 | B11: B1605291 | C11: Trần Thanh Nguyên | D11: 6.3
A12: 10 | B12: B1605344 | C12: Nguyễn Thị Đào | D12: 8.3
A13: 11 | B13: B1607025 | C13: Nguyễn Chí Thanh | D13: -3
A14: 12 | B14: B1609759 | C14: Nguyễn Hải Anh | D14: 7
A15: 13 | B15: B1609765 | C15: Trần Nam Dương | D15: -3
A16: 14 | B16: B1609773 | C16: Nguyễn Duy Khanh | D16: 6.5

Sheet bangthamchieu&thongke
A1: Bảng Quy Đổi Điểm | E1: Bảng Điểm Chuyên Cần
A2: Điểm theo thang điểm 10 | B2: Điễm chữ | C2: Điểm theo thang điểm 4 | E2: Số buổi vắng | F2: Điểm CT
A3: 0 | B3: F | C3: 0 | E3: 0 | F3: 1
A4: 4 | B4: D | C4: 1 | E4: 1 | F4: 0.5
A5: 5 | B5: D+ | C5: 1.5 | E5: 2 | F5: 0.25
A6: 5.5 | B6: C | C6: 2
A7: 6.5 | B7: C+ | C7: 2.5
A8: 7 | B8: B | C8: 3
A9: 8 | B9: B+ | C9: 3.5
A10: 9 | B10: A | C10: 4
A12: Danh sách Sinh Viên | E12: Bảng thống kê theo điểm chữ
A13: STT | B13: Mã SV | C13: Họ và Tên | E13: Điểm Chữ | F13: Số lượng sinh viên
A14: {=_xlfn.SEQUENCE(14)} -> 1 | B14: B1509929 | C14: Đặng Duy Linh | E14: A | F14: =COUNTIF(tonghopdiem!$K$7:$K$20,E14) -> 0
A15: 2 | B15: B1605285 | C15: Huỳnh Thị Diễm | E15: B+ | F15: =COUNTIF(tonghopdiem!$K$7:$K$20,E15) -> 1
A16: 3 | B16: B1605291 | C16: Trần Thanh Nguyên | E16: B | F16: =COUNTIF(tonghopdiem!$K$7:$K$20,E16) -> 2
A17: 4 | B17: B1605249 | C17: Lê Minh Thông | E17: C+ | F17: =COUNTIF(tonghopdiem!$K$7:$K$20,E17) -> 2
A18: 5 | B18: B1605223 | C18: Lê Thị Trúc Linh | E18: C | F18: =COUNTIF(tonghopdiem!$K$7:$K$20,E18) -> 5
A19: 6 | B19: B1505915 | C19: Lý Minh Trí | E19: D+ | F19: =COUNTIF(tonghopdiem!$K$7:$K$20,E19) -> 1
A20: 7 | B20: B1607025 | C20: Nguyễn Chí Thanh | E20: D | F20: =COUNTIF(tonghopdiem!$K$7:$K$20,E20) -> 0 | I20: e
A21: 8 | B21: B1609773 | C21: Nguyễn Duy Khanh | E21: F | F21: =COUNTIF(tonghopdiem!$K$7:$K$20,E21) -> 3
A22: 9 | B22: B1609759 | C22: Nguyễn Hải Anh
A23: 10 | B23: B1509874 | C23: Nguyễn Kiều Mi | E23: Bảng thống kê SV
A24: 11 | B24: B1605344 | C24: Nguyễn Thị Đào | E24: Số sinh viên điểm BT lớn = 0 hoặc điểm LT = -3 | F24: =COUNTIF(tonghopdiem!$G$7:$G$20,0)+COUNTIF(tonghopdiem!$H$7:$H$20,-3)-COUNTIFS(tonghopdiem!$G$7:$G$20,0,tonghopdiem!$H$7:$H$20, -3) -> 3
A25: 12 | B25: B1505719 | C25: Nguyễn Văn Hiếu
A26: 13 | B26: B1605235 | C26: Phạm Thị Huỳnh | E26: Số SV nghỉ TH > 2 | F26: =COUNTIFS(tonghopdiem!$J$7:$J$20,">=7",tonghopdiem!$K$7:$K$20,"A")+COUNTIFS(tonghopdiem!$J$7:$J$20,">=7",tonghopdiem!$K$7:$K$20,"B+") -> 1
A27: 14 | B27: B1609765 | C27: Trần Nam Dương

Sheet Sinh Viên điểm <7
A1: STT | B1: Mã SV | C1: Họ Và Tên | D1: Điểm TH1 | E1: Điểm TH2 | F1: Điểm TH3 | G1: Điểm BT Lớn | H1: Điểm LT | I1: Điểm Tổng | J1: Điểm theo thang điểm 10 | K1: Điểm chữ
A2: 1 | B2: 0B1505719 | C2: Nguyễn Văn Hiếu | D2: 0.45 | E2: 0.25 | F2: 0.3 | G2: 0.5 | H2: 4.2 | I2: 4 | J2: 5 | K2: D+
A3: 2 | B3: 1B1505915 | C3: Lý Minh Trí | D3: 0.5 | E3: 0.35 | F3: 0.4 | G3: 1 | H3: 5.8 | I3: 5.7 | J3: 6.2 | K3: C
A4: 3 | B4: 0B1509874 | C4: Nguyễn Kiều Mi | D4: 0.25 | E4: 0.25 | F4: 0.3 | G4: 0.5 | H4: 5.8 | I4: 4.8 | J4: 5.8 | K4: C
A5: 4 | B5: 0B1509929 | C5: Đặng Duy Linh | D5: 0.4 | E5: 0.25 | F5: 0.35 | G5: 1 | H5: 4.5 | I5: 4.7 | J5: 5.7 | K5: C
A6: 5 | B6: 2B1605223 | C6: Lê Thị Trúc Linh | D6: 0.45 | E6: 0.4 | F6: 0.35 | G6: 0.75 | H6: 5.5 | I6: 5.3 | J6: 5.6 | K6: C
A7: 7 | B7: 0B1605249 | C7: Lê Minh Thông | D7: 0.4 | E7: 0.4 | F7: 0.4 | G7: 1 | H7: 5.3 | I7: 5.4 | J7: 6.4 | K7: C
A8: 8 | B8: 0B1605285 | C8: Huỳnh Thị Diễm | D8: 0.45 | E8: 0.4 | F8: 0.45 | G8: 0 | H8: 6.8 | I8: 5.4 | J8: 0 | K8: F
A9: 9 | B9: 0B1605291 | C9: Trần Thanh Nguyên | D9: 0.45 | E9: 0.4 | F9: 0.4 | G9: 0.75 | H9: 6.3 | I9: 5.8 | J9: 6.8 | K9: C+
A10: 11 | B10: 4B1607025 | C10: Nguyễn Chí Thanh | D10: 0.4 | E10: 0.45 | F10: 0.4 | G10: 0.3 | H10: -3 | I10: 0 | J10: 0 | K10: F
A11: 13 | B11: 5B1609765 | C11: Trần Nam Dương | D11: 0.4 | E11: 0.4 | F11: 0.35 | G11: 1.35 | H11: -3 | I11: 0 | J11: 0 | K11: F
A12: 14 | B12: 0B1609773 | C12: Nguyễn Duy Khanh | D12: 0.35 | E12: 0.4 | F12: 0 | G12: 0.85 | H12: 6.5 | I12: 5.5 | J12: 6.5 | K12: C+

Sheet Sinh Viên điểm >=7
A1: STT | B1: Mã SV | C1: Họ Và Tên | D1: Điểm TH1 | E1: Điểm TH2 | F1: Điểm TH3 | G1: Điểm BT Lớn | H1: Điểm LT | I1: Điểm Tổng | J1: Điểm theo thang điểm 10 | K1: Điểm chữ
A2: 6 | B2: 0B1605235 | C2: Phạm Thị Huỳnh | D2: 0.4 | E2: 0.45 | F2: 0.5 | G2: 1.2 | H2: 7.5 | I2: 7.1 | J2: 8.1 | K2: B+
